{
  "version": 1,
  "author": "Syarifah Syamilah",
  "editor": "wokwi",
  "parts": [
    { "type": "board-esp32-devkit-c-v4", "id": "esp", "top": 28.8, "left": 14.44, "attrs": {} },
    {
      "type": "wokwi-led",
      "id": "led1",
      "top": 6,
      "left": 234.2,
      "attrs": { "color": "limegreen" }
    },
    { "type": "wokwi-led", "id": "led2", "top": 6, "left": 138.2, "attrs": { "color": "red" } },
    { "type": "wokwi-led", "id": "led3", "top": 6, "left": 186.2, "attrs": { "color": "yellow" } },
    {
      "type": "wokwi-resistor",
      "id": "r1",
      "top": 91.2,
      "left": 220.25,
      "rotate": 90,
      "attrs": { "value": "1000" }
    },
    {
      "type": "wokwi-resistor",
      "id": "r2",
      "top": 91.2,
      "left": 172.25,
      "rotate": 90,
      "attrs": { "value": "1000" }
    },
    {
      "type": "wokwi-resistor",
      "id": "r3",
      "top": 91.2,
      "left": 124.25,
      "rotate": 90,
      "attrs": { "value": "1000" }
    },
    {
      "type": "wokwi-pushbutton",
      "id": "btn1",
      "top": 179,
      "left": -57.6,
      "attrs": { "color": "green", "xray": "1" }
    },
    {
      "type": "wokwi-pushbutton",
      "id": "btn2",
      "top": 54.2,
      "left": -57.6,
      "attrs": { "color": "green", "xray": "1" }
    },
    {
      "type": "wokwi-pushbutton",
      "id": "btn3",
      "top": 111.8,
      "left": -57.6,
      "attrs": { "color": "green", "xray": "1" }
    }
  ],
  "connections": [
    [ "esp:TX", "$serialMonitor:RX", "", [] ],
    [ "esp:RX", "$serialMonitor:TX", "", [] ],
    [ "led2:C", "esp:GND.2", "green", [ "v0" ] ],
    [ "led3:C", "esp:GND.2", "green", [ "v0" ] ],
    [ "led1:C", "esp:GND.2", "green", [ "v0" ] ],
    [ "led2:A", "r3:1", "green", [ "v0" ] ],
    [ "led3:A", "r2:1", "green", [ "v0" ] ],
    [ "led1:A", "r1:1", "green", [ "v0" ] ],
    [ "r3:2", "esp:19", "green", [ "h0" ] ],
    [ "r2:2", "esp:18", "green", [ "h0", "v18" ] ],
    [ "r1:2", "esp:17", "green", [ "h0", "v37.2" ] ],
    [ "esp:34", "btn2:1.r", "green", [ "h0" ] ],
    [ "esp:35", "btn3:1.r", "green", [ "h0" ] ],
    [ "esp:32", "btn1:1.r", "green", [ "h0" ] ],
    [ "btn2:2.r", "esp:GND.1", "green", [ "h0" ] ],
    [ "btn3:2.r", "esp:GND.1", "green", [ "h0" ] ],
    [ "btn1:2.r", "esp:GND.1", "green", [ "h0" ] ]
  ],
  "dependencies": {}
}